FULL_DESCRIPTION,SPORTS_ID,EVENT_ID,SETTLED_DATE,SCHEDULED_OFF,EVENT,DT ACTUAL_OFF,SELECTION_ID,SELECTION,ODDS,NUMBER_BETS,VOLUME_MATCHED,LATEST_TAKEN,FIRST_TAKEN,WIN_FLAG,IN_PLAY
Group A/Alphen Challenger 2014/First Round Matches/Coppejans v de Bakker,351,351,351,351,351,351,351,351,351,351,351,351,351,351,351
Group A/Alphen Challenger 2014/First Round Matches/G Granollers v Androic,350,350,350,350,350,350,350,350,350,350,350,350,350,350,350
Group A/Alphen Challenger 2014/First Round Matches/Garanganga v Giustino,118,118,118,118,118,118,118,118,118,118,118,118,118,118,118
Group A/Alphen Challenger 2014/First Round Matches/Gimeno-Traver v Donati,201,201,201,201,201,201,201,201,201,201,201,201,201,201,201
Group A/Alphen Challenger 2014/First Round Matches/Hanescu v De Greef,154,154,154,154,154,154,154,154,154,154,154,154,154,154,154
Group A/Alphen Challenger 2014/First Round Matches/Koolhof v Sijsling,265,265,265,265,265,265,265,265,265,265,265,265,265,265,265
Group A/Alphen Challenger 2014/First Round Matches/Lamasine v Carballes Baena,417,417,417,417,417,417,417,417,417,417,417,417,417,417,417
Group A/Alphen Challenger 2014/First Round Matches/Mat Viola v Munoz-De La Nava,163,163,163,163,163,163,163,163,163,163,163,163,163,163,163
Group A/Alphen Challenger 2014/First Round Matches/Mektic v Sels,286,286,286,286,286,286,286,286,286,286,286,286,286,286,286
Group A/Alphen Challenger 2014/First Round Matches/Middelkoop v Podlipnik-Castillo,309,309,309,309,309,309,309,309,309,309,309,309,309,309,309
Group A/Alphen Challenger 2014/First Round Matches/R Haase v Ramirez Hidalgo,114,114,114,114,114,114,114,114,114,114,114,114,114,114,114
Group A/Alphen Challenger 2014/First Round Matches/S Diez v Huta Galung,115,115,115,115,115,115,115,115,115,115,115,115,115,115,115
Group A/Alphen Challenger 2014/First Round Matches/Torebko v M Baumann,151,151,151,151,151,151,151,151,151,151,151,151,151,151,151
Group A/Alphen Challenger 2014/First Round Matches/Westerhof v Cervantes,166,166,166,166,166,166,166,166,166,166,166,166,166,166,166
Group A/Alphen Challenger 2014/First Round Matches/Wunner v Van Der Duim,306,306,306,306,306,306,306,306,306,306,306,306,306,306,306
Group A/Alphen Challenger 2014/First Round Matches/Y Mertens v Michon,97,97,97,97,97,97,97,97,97,97,97,97,97,97,97
Group A/Alphen Challenger 2014/Quarter Final Matches/Gimeno-Traver v Lamasine,533,533,533,533,533,533,533,533,533,533,533,533,533,533,533
Group A/Alphen Challenger 2014/Quarter Final Matches/Hanescu v Coppejans,306,306,306,306,306,306,306,306,306,306,306,306,306,306,306
Group A/Alphen Challenger 2014/Quarter Final Matches/Huta Galung v Van Der Duim,148,148,148,148,148,148,148,148,148,148,148,148,148,148,148
Group A/Alphen Challenger 2014/Quarter Final Matches/Munoz-De La Nava v Sijsling,266,266,266,266,266,266,266,266,266,266,266,266,266,266,266
Group A/Alphen Challenger 2014/Second Round Matches/Gimeno-Traver v Androic,96,96,96,96,96,96,96,96,96,96,96,96,96,96,96
Group A/Alphen Challenger 2014/Second Round Matches/Giustino v Coppejans,81,81,81,81,81,81,81,81,81,81,81,81,81,81,81
Group A/Alphen Challenger 2014/Second Round Matches/Hanescu v Middelkoop,156,156,156,156,156,156,156,156,156,156,156,156,156,156,156
Group A/Alphen Challenger 2014/Second Round Matches/M Baumann v Lamasine,215,215,215,215,215,215,215,215,215,215,215,215,215,215,215
Group A/Alphen Challenger 2014/Second Round Matches/Munoz-De La Nava v Westerhof,137,137,137,137,137,137,137,137,137,137,137,137,137,137,137
Group A/Alphen Challenger 2014/Second Round Matches/R Haase v Huta Galung,471,471,471,471,471,471,471,471,471,471,471,471,471,471,471
Group A/Alphen Challenger 2014/Second Round Matches/Sels v Sijsling,78,78,78,78,78,78,78,78,78,78,78,78,78,78,78
Group A/Alphen Challenger 2014/Second Round Matches/Van Der Duim v Michon,262,262,262,262,262,262,262,262,262,262,262,262,262,262,262
Group A/Alphen Challenger 2014/Semi Final Matches/Hanescu v Munoz-De La Nava,419,419,419,419,419,419,419,419,419,419,419,419,419,419,419
Group A/Alphen Challenger 2014/Semi Final Matches/Huta Galung v Lamasine,194,194,194,194,194,194,194,194,194,194,194,194,194,194,194
Group A/Alphen Challenger 2014/The Final/Huta Galung v Munoz-De La Nava,359,359,359,359,359,359,359,359,359,359,359,359,359,359,359
Group A/Brasov Challenger 2014/First Round Matches/A Haider-Maurer v Lopez-Perez,92,92,92,92,92,92,92,92,92,92,92,92,92,92,92
Group A/Brasov Challenger 2014/First Round Matches/A Ungur v Crivoi,234,234,234,234,234,234,234,234,234,234,234,234,234,234,234
Group A/Brasov Challenger 2014/First Round Matches/Bourgue v F Arguello,214,214,214,214,214,214,214,214,214,214,214,214,214,214,214
Group A/Brasov Challenger 2014/First Round Matches/Copil v Krstin,136,136,136,136,136,136,136,136,136,136,136,136,136,136,136
Group A/Brasov Challenger 2014/First Round Matches/Dima v J Pospisil,100,100,100,100,100,100,100,100,100,100,100,100,100,100,100
Group A/Brasov Challenger 2014/First Round Matches/Fortuna v Ciorcila,29,29,29,29,29,29,29,29,29,29,29,29,29,29,29
Group A/Brasov Challenger 2014/First Round Matches/G Melzer v M Jankovic,185,185,185,185,185,185,185,185,185,185,185,185,185,185,185
Group A/Brasov Challenger 2014/First Round Matches/Grigelis v Pouille,494,494,494,494,494,494,494,494,494,494,494,494,494,494,494
Group A/Brasov Challenger 2014/First Round Matches/J Eysseric v Karatsev,378,378,378,378,378,378,378,378,378,378,378,378,378,378,378
Group A/Brasov Challenger 2014/First Round Matches/Luncanu v Cornea,110,110,110,110,110,110,110,110,110,110,110,110,110,110,110
Group A/Brasov Challenger 2014/First Round Matches/Machado v Mertl,319,319,319,319,319,319,319,319,319,319,319,319,319,319,319
Group A/Brasov Challenger 2014/First Round Matches/R Marcora v Riba,350,350,350,350,350,350,350,350,350,350,350,350,350,350,350
Group A/Brasov Challenger 2014/First Round Matches/Reuter v Torroni,180,180,180,180,180,180,180,180,180,180,180,180,180,180,180
Group A/Brasov Challenger 2014/First Round Matches/Rodriguez - Pace v Buchanan,114,114,114,114,114,114,114,114,114,114,114,114,114,114,114
Group A/Brasov Challenger 2014/First Round Matches/Rudnev v Sikora,268,268,268,268,268,268,268,268,268,268,268,268,268,268,268
Group A/Brasov Challenger 2014/First Round Matches/Rufin v Cipolla,191,191,191,191,191,191,191,191,191,191,191,191,191,191,191
Group A/Brasov Challenger 2014/Quarter Final Matches/A Haider-Maurer v Luncanu,156,156,156,156,156,156,156,156,156,156,156,156,156,156,156
Group A/Brasov Challenger 2014/Quarter Final Matches/A Ungur v J Pospisil,420,420,420,420,420,420,420,420,420,420,420,420,420,420,420
Group A/Brasov Challenger 2014/Quarter Final Matches/Karatsev v Sikora,368,368,368,368,368,368,368,368,368,368,368,368,368,368,368
Group A/Brasov Challenger 2014/Quarter Final Matches/Rufin v Grigelis,362,362,362,362,362,362,362,362,362,362,362,362,362,362,362
Group A/Brasov Challenger 2014/Second Round Matches/A Haider-Maurer v Reuter,376,376,376,376,376,376,376,376,376,376,376,376,376,376,376
Group A/Brasov Challenger 2014/Second Round Matches/A Ungur v Machado,256,256,256,256,256,256,256,256,256,256,256,256,256,256,256
Group A/Brasov Challenger 2014/Second Round Matches/Copil v Karatsev,326,326,326,326,326,326,326,326,326,326,326,326,326,326,326
Group A/Brasov Challenger 2014/Second Round Matches/Fortuna v J Pospisil,102,102,102,102,102,102,102,102,102,102,102,102,102,102,102
Group A/Brasov Challenger 2014/Second Round Matches/G Melzer v Rufin,539,539,539,539,539,539,539,539,539,539,539,539,539,539,539
Group A/Brasov Challenger 2014/Second Round Matches/Grigelis v R Marcora,198,198,198,198,198,198,198,198,198,198,198,198,198,198,198
Group A/Brasov Challenger 2014/Second Round Matches/Luncanu v Buchanan,348,348,348,348,348,348,348,348,348,348,348,348,348,348,348
Group A/Brasov Challenger 2014/Second Round Matches/Sikora v Bourgue,266,266,266,266,266,266,266,266,266,266,266,266,266,266,266
Group A/Brasov Challenger 2014/Semi Final Matches/A Haider-Maurer v J Pospisil,475,475,475,475,475,475,475,475,475,475,475,475,475,475,475
Group A/Brasov Challenger 2014/Semi Final Matches/Karatsev v Rufin,254,254,254,254,254,254,254,254,254,254,254,254,254,254,254
Group A/Brasov Challenger 2014/The Final/A Haider-Maurer v Rufin,227,227,227,227,227,227,227,227,227,227,227,227,227,227,227
Group A/Coupe Banque Nationale 2014/Qualifying Matches/B Pera v S Crawford,138,138,138,138,138,138,138,138,138,138,138,138,138,138,138
Group A/Coupe Banque Nationale 2014/Qualifying Matches/Chirico v Chi Scholl,74,74,74,74,74,74,74,74,74,74,74,74,74,74,74
Group A/Coupe Banque Nationale 2014/Qualifying Matches/Chirico v S Crawford,268,268,268,268,268,268,268,268,268,268,268,268,268,268,268
Group A/Coupe Banque Nationale 2014/Qualifying Matches/El Tabakh v Molnar,67,67,67,67,67,67,67,67,67,67,67,67,67,67,67
Group A/Coupe Banque Nationale 2014/Qualifying Matches/El Tabakh v Muhammad,365,365,365,365,365,365,365,365,365,365,365,365,365,365,365
Group A/Coupe Banque Nationale 2014/Qualifying Matches/Elie v Martincova,87,87,87,87,87,87,87,87,87,87,87,87,87,87,87
Group A/Coupe Banque Nationale 2014/Qualifying Matches/Hibino v Broomfield,88,88,88,88,88,88,88,88,88,88,88,88,88,88,88
Group A/Coupe Banque Nationale 2014/Qualifying Matches/Hibino v Marand,202,202,202,202,202,202,202,202,202,202,202,202,202,202,202
Group A/Coupe Banque Nationale 2014/Qualifying Matches/Kinard v Marand,344,344,344,344,344,344,344,344,344,344,344,344,344,344,344
Group A/Coupe Banque Nationale 2014/Qualifying Matches/Krejcikova v Lao,124,124,124,124,124,124,124,124,124,124,124,124,124,124,124
Group A/Coupe Banque Nationale 2014/Qualifying Matches/Krejcikova v Mar Sanchez,289,289,289,289,289,289,289,289,289,289,289,289,289,289,289
Group A/Coupe Banque Nationale 2014/Qualifying Matches/Melichar v C Zhao,291,291,291,291,291,291,291,291,291,291,291,291,291,291,291
Group A/Coupe Banque Nationale 2014/Qualifying Matches/Patrascu v Muhammad,62,62,62,62,62,62,62,62,62,62,62,62,62,62,62
Group A/Coupe Banque Nationale 2014/Qualifying Matches/Petrick v Mar Sanchez,85,85,85,85,85,85,85,85,85,85,85,85,85,85,85
Group A/Coupe Banque Nationale 2014/Qualifying Matches/Savchuk v C Zhao,517,517,517,517,517,517,517,517,517,517,517,517,517,517,517
Group A/Coupe Banque Nationale 2014/Qualifying Matches/Savchuk v D Muresan,44,44,44,44,44,44,44,44,44,44,44,44,44,44,44
Group A/Coupe Banque Nationale 2014/Qualifying Matches/Vankova v A Mueller,176,176,176,176,176,176,176,176,176,176,176,176,176,176,176
Group A/Coupe Banque Nationale 2014/Qualifying Matches/Vankova v Martincova,438,438,438,438,438,438,438,438,438,438,438,438,438,438,438
Group A/Genova Challenger 2014/First Round Matches/And Beck v Gaio,156,156,156,156,156,156,156,156,156,156,156,156,156,156,156
Group A/Genova Challenger 2014/First Round Matches/Arnaboldi v Al Bedene,272,272,272,272,272,272,272,272,272,272,272,272,272,272,272
Group A/Genova Challenger 2014/First Round Matches/Cecchinato v Basilashvili,104,104,104,104,104,104,104,104,104,104,104,104,104,104,104
Group A/Genova Challenger 2014/First Round Matches/Dzumhur v Kovalik,194,194,194,194,194,194,194,194,194,194,194,194,194,194,194
Group A/Genova Challenger 2014/First Round Matches/Galovic v M Delic,245,245,245,245,245,245,245,245,245,245,245,245,245,245,245
Group A/Genova Challenger 2014/First Round Matches/Giannessi v Andreozzi,99,99,99,99,99,99,99,99,99,99,99,99,99,99,99
Group A/Genova Challenger 2014/First Round Matches/Hajek v Mager,127,127,127,127,127,127,127,127,127,127,127,127,127,127,127
Group A/Genova Challenger 2014/First Round Matches/Ignatik v Volandri,296,296,296,296,296,296,296,296,296,296,296,296,296,296,296
Group A/Genova Challenger 2014/First Round Matches/Kubler v G Elias,191,191,191,191,191,191,191,191,191,191,191,191,191,191,191
Group A/Genova Challenger 2014/First Round Matches/Mat Trevisan v Naso,393,393,393,393,393,393,393,393,393,393,393,393,393,393,393
Group A/Genova Challenger 2014/First Round Matches/Montanes v Fucsovics,300,300,300,300,300,300,300,300,300,300,300,300,300,300,300
Group A/Genova Challenger 2014/First Round Matches/P Sousa v Paire,65,65,65,65,65,65,65,65,65,65,65,65,65,65,65
Group A/Genova Challenger 2014/First Round Matches/Ramos-Vinolas v Ad Virgili,260,260,260,260,260,260,260,260,260,260,260,260,260,260,260
Group A/Genova Challenger 2014/First Round Matches/Setkic v Picco,255,255,255,255,255,255,255,255,255,255,255,255,255,255,255
Group A/Genova Challenger 2014/First Round Matches/Starace v Lindell,259,259,259,259,259,259,259,259,259,259,259,259,259,259,259
Group A/Genova Challenger 2014/First Round Matches/Troicki v Du Brown,285,285,285,285,285,285,285,285,285,285,285,285,285,285,285
Group A/Genova Challenger 2014/Quarter Final Matches/And Beck v Cecchinato,290,290,290,290,290,290,290,290,290,290,290,290,290,290,290
Group A/Genova Challenger 2014/Quarter Final Matches/Fucsovics v Kubler,493,493,493,493,493,493,493,493,493,493,493,493,493,493,493
Group A/Genova Challenger 2014/Quarter Final Matches/M Delic v Troicki,462,462,462,462,462,462,462,462,462,462,462,462,462,462,462
Group A/Genova Challenger 2014/Quarter Final Matches/Ramos-Vinolas v Al Bedene,245,245,245,245,245,245,245,245,245,245,245,245,245,245,245
Group A/Genova Challenger 2014/Second Round Matches/And Beck v Lindell,215,215,215,215,215,215,215,215,215,215,215,215,215,215,215
Group A/Genova Challenger 2014/Second Round Matches/Cecchinato v Paire,312,312,312,312,312,312,312,312,312,312,312,312,312,312,312
Group A/Genova Challenger 2014/Second Round Matches/Dzumhur v M Delic,332,332,332,332,332,332,332,332,332,332,332,332,332,332,332
Group A/Genova Challenger 2014/Second Round Matches/Fucsovics v Andreozzi,332,332,332,332,332,332,332,332,332,332,332,332,332,332,332
Group A/Genova Challenger 2014/Second Round Matches/Hajek v Al Bedene,157,157,157,157,157,157,157,157,157,157,157,157,157,157,157
Group A/Genova Challenger 2014/Second Round Matches/Ignatik v Kubler,316,316,316,316,316,316,316,316,316,316,316,316,316,316,316
Group A/Genova Challenger 2014/Second Round Matches/Mat Trevisan v Troicki,382,382,382,382,382,382,382,382,382,382,382,382,382,382,382
Group A/Genova Challenger 2014/Second Round Matches/Ramos-Vinolas v Setkic,89,89,89,89,89,89,89,89,89,89,89,89,89,89,89
Group A/Genova Challenger 2014/Semi Final Matches/And Beck v M Delic,375,375,375,375,375,375,375,375,375,375,375,375,375,375,375
Group A/Genova Challenger 2014/Semi Final Matches/Ramos-Vinolas v Fucsovics,152,152,152,152,152,152,152,152,152,152,152,152,152,152,152
Group A/Genova Challenger 2014/The Final/Ramos-Vinolas v M Delic,207,207,207,207,207,207,207,207,207,207,207,207,207,207,207
Group A/Hong Kong Open 2014/Qualifying Matches/Aoyama v Eguchi,85,85,85,85,85,85,85,85,85,85,85,85,85,85,85
Group A/Hong Kong Open 2014/Qualifying Matches/Ar Rodionova v Eguchi,122,122,122,122,122,122,122,122,122,122,122,122,122,122,122
Group A/Hong Kong Open 2014/Qualifying Matches/Ar Rodionova v Yau Ng,32,32,32,32,32,32,32,32,32,32,32,32,32,32,32
Group A/Hong Kong Open 2014/Qualifying Matches/Czink v Bychkova,192,192,192,192,192,192,192,192,192,192,192,192,192,192,192
Group A/Hong Kong Open 2014/Qualifying Matches/Gajdosova v Ho Wu,63,63,63,63,63,63,63,63,63,63,63,63,63,63,63
Group A/Hong Kong Open 2014/Qualifying Matches/Gajdosova v Y Sema,39,39,39,39,39,39,39,39,39,39,39,39,39,39,39
Group A/Hong Kong Open 2014/Qualifying Matches/Gibbs v Olaru,247,247,247,247,247,247,247,247,247,247,247,247,247,247,247
Group A/Hong Kong Open 2014/Qualifying Matches/Imanishi v E Sema,291,291,291,291,291,291,291,291,291,291,291,291,291,291,291
Group A/Hong Kong Open 2014/Qualifying Matches/K Zhang v Shapatava,159,159,159,159,159,159,159,159,159,159,159,159,159,159,159
Group A/Hong Kong Open 2014/Qualifying Matches/Kostova v Linette,242,242,242,242,242,242,242,242,242,242,242,242,242,242,242
Group A/Hong Kong Open 2014/Qualifying Matches/Kulichkova v E Sema,107,107,107,107,107,107,107,107,107,107,107,107,107,107,107
Group A/Hong Kong Open 2014/Qualifying Matches/Martic v Namigata,278,278,278,278,278,278,278,278,278,278,278,278,278,278,278
Group A/Hong Kong Open 2014/Qualifying Matches/Namigata v N Kolar,175,175,175,175,175,175,175,175,175,175,175,175,175,175,175
Group A/Hong Kong Open 2014/Qualifying Matches/Olaru v L Zhu,103,103,103,103,103,103,103,103,103,103,103,103,103,103,103
Group A/Hong Kong Open 2014/Qualifying Matches/Paszek v K Zhang,190,190,190,190,190,190,190,190,190,190,190,190,190,190,190
Group A/Hong Kong Open 2014/Qualifying Matches/Paszek v W Hsu,73,73,73,73,73,73,73,73,73,73,73,73,73,73,73
Group A/Hong Kong Open 2014/Qualifying Matches/Pavlovic v Y Xu,81,81,81,81,81,81,81,81,81,81,81,81,81,81,81
Group A/Hong Kong Open 2014/Qualifying Matches/Q Wang v Kulichkova,212,212,212,212,212,212,212,212,212,212,212,212,212,212,212
Group A/Hong Kong Open 2014/Qualifying Matches/Sh Hsieh v Ho Wu,113,113,113,113,113,113,113,113,113,113,113,113,113,113,113
Group A/Hong Kong Open 2014/Qualifying Matches/Spackman v N Kolar,56,56,56,56,56,56,56,56,56,56,56,56,56,56,56
Group A/Hong Kong Open 2014/Qualifying Matches/Webley-Smith v Kostova,357,357,357,357,357,357,357,357,357,357,357,357,357,357,357
Group A/Hong Kong Open 2014/Qualifying Matches/X Han v Linette,221,221,221,221,221,221,221,221,221,221,221,221,221,221,221
Group A/Hong Kong Open 2014/Qualifying Matches/Y Xu v Bychkova,185,185,185,185,185,185,185,185,185,185,185,185,185,185,185
Group A/Hong Kong Open 2014/Qualifying Matches/Yaf Wang v L Zhu,205,205,205,205,205,205,205,205,205,205,205,205,205,205,205
Group A/Medellin Challenger 2014/First Round Matches/Alejandro Gonzalez v Sant'anna,137,137,137,137,137,137,137,137,137,137,137,137,137,137,137
Group A/Medellin Challenger 2014/First Round Matches/Angelinos v F De Paula,140,140,140,140,140,140,140,140,140,140,140,140,140,140,140
Group A/Medellin Challenger 2014/First Round Matches/Clezar v R Olivo,193,193,193,193,193,193,193,193,193,193,193,193,193,193,193
Group A/Medellin Challenger 2014/First Round Matches/D Novikov v G Mina,73,73,73,73,73,73,73,73,73,73,73,73,73,73,73
Group A/Medellin Challenger 2014/First Round Matches/G Pella v M Arevalo,372,372,372,372,372,372,372,372,372,372,372,372,372,372,372
Group A/Medellin Challenger 2014/First Round Matches/Ghem v Romboli,125,125,125,125,125,125,125,125,125,125,125,125,125,125,125
Group A/Medellin Challenger 2014/First Round Matches/Jarry v Odesnik,217,217,217,217,217,217,217,217,217,217,217,217,217,217,217
Group A/Medellin Challenger 2014/First Round Matches/Konstantinov v A Krajicek,70,70,70,70,70,70,70,70,70,70,70,70,70,70,70
Group A/Medellin Challenger 2014/First Round Matches/Lama v Kev King,167,167,167,167,167,167,167,167,167,167,167,167,167,167,167
Group A/Medellin Challenger 2014/First Round Matches/Lapentti v N Barrientos,449,449,449,449,449,449,449,449,449,449,449,449,449,449,449
Group A/Medellin Challenger 2014/First Round Matches/M Cuevas v Lipovsek Puches,206,206,206,206,206,206,206,206,206,206,206,206,206,206,206
Group A/Medellin Challenger 2014/First Round Matches/Molteni v Souza,164,164,164,164,164,164,164,164,164,164,164,164,164,164,164
Group A/Medellin Challenger 2014/First Round Matches/Quintero v Bagnis,99,99,99,99,99,99,99,99,99,99,99,99,99,99,99
Group A/Medellin Challenger 2014/First Round Matches/Salamanca v Spir,170,170,170,170,170,170,170,170,170,170,170,170,170,170,170
Group A/Medellin Challenger 2014/First Round Matches/Trungelliti v Dellien,70,70,70,70,70,70,70,70,70,70,70,70,70,70,70
Group A/Medellin Challenger 2014/First Round Matches/Turini v J Hernandez,213,213,213,213,213,213,213,213,213,213,213,213,213,213,213
Group A/Medellin Challenger 2014/Quarter Final Matches/Alejandro Gonzalez v A Krajicek,504,504,504,504,504,504,504,504,504,504,504,504,504,504,504
Group A/Medellin Challenger 2014/Quarter Final Matches/Clezar v Souza,379,379,379,379,379,379,379,379,379,379,379,379,379,379,379
Group A/Medellin Challenger 2014/Quarter Final Matches/Lama v Bagnis,152,152,152,152,152,152,152,152,152,152,152,152,152,152,152
Group A/Medellin Challenger 2014/Second Round Matches/Alejandro Gonzalez v F De Paula,199,199,199,199,199,199,199,199,199,199,199,199,199,199,199
Group A/Medellin Challenger 2014/Second Round Matches/Clezar v Lipovsek Puches,60,60,60,60,60,60,60,60,60,60,60,60,60,60,60
Group A/Medellin Challenger 2014/Second Round Matches/Ghem v Odesnik,193,193,193,193,193,193,193,193,193,193,193,193,193,193,193
Group A/Medellin Challenger 2014/Second Round Matches/J Hernandez v Souza,642,642,642,642,642,642,642,642,642,642,642,642,642,642,642
Group A/Medellin Challenger 2014/Second Round Matches/Lama v G Mina,298,298,298,298,298,298,298,298,298,298,298,298,298,298,298
Group A/Medellin Challenger 2014/Second Round Matches/Lapentti v A Krajicek,350,350,350,350,350,350,350,350,350,350,350,350,350,350,350
Group A/Medellin Challenger 2014/Second Round Matches/M Arevalo v Salamanca,259,259,259,259,259,259,259,259,259,259,259,259,259,259,259
Group A/Medellin Challenger 2014/Second Round Matches/Trungelliti v Bagnis,337,337,337,337,337,337,337,337,337,337,337,337,337,337,337
Group A/Medellin Challenger 2014/Semi Final Matches/A Krajicek v Ghem,388,388,388,388,388,388,388,388,388,388,388,388,388,388,388
Group A/Medellin Challenger 2014/Semi Final Matches/Souza v Bagnis,418,418,418,418,418,418,418,418,418,418,418,418,418,418,418
Group A/Medellin Challenger 2014/The Final/A Krajicek v Souza,403,403,403,403,403,403,403,403,403,403,403,403,403,403,403
Group A/Shanghai Challenger 2014/First Round Matches/D Wu v Matsui,124,124,124,124,124,124,124,124,124,124,124,124,124,124,124
Group A/Shanghai Challenger 2014/First Round Matches/Duckworth v E Ymer,155,155,155,155,155,155,155,155,155,155,155,155,155,155,155
Group A/Shanghai Challenger 2014/First Round Matches/Hy Chung v Udomchoke,140,140,140,140,140,140,140,140,140,140,140,140,140,140,140
Group A/Shanghai Challenger 2014/First Round Matches/Jor Thompson v Zhe Li,393,393,393,393,393,393,393,393,393,393,393,393,393,393,393
Group A/Shanghai Challenger 2014/First Round Matches/Kibi v San Singh,53,53,53,53,53,53,53,53,53,53,53,53,53,53,53
Group A/Shanghai Challenger 2014/First Round Matches/L Huang v Uchiyama,164,164,164,164,164,164,164,164,164,164,164,164,164,164,164
Group A/Shanghai Challenger 2014/First Round Matches/Millman v Ze Zhang,115,115,115,115,115,115,115,115,115,115,115,115,115,115,115
Group A/Shanghai Challenger 2014/First Round Matches/Niki v Takeuchi,114,114,114,114,114,114,114,114,114,114,114,114,114,114,114
Group A/Shanghai Challenger 2014/First Round Matches/Soeda v J Jung,201,201,201,201,201,201,201,201,201,201,201,201,201,201,201
Group A/Shanghai Challenger 2014/First Round Matches/T Yang v Edmund,296,296,296,296,296,296,296,296,296,296,296,296,296,296,296
Group A/Shanghai Challenger 2014/First Round Matches/Ti Chen v Y Bhambri,213,213,213,213,213,213,213,213,213,213,213,213,213,213,213
Group A/Shanghai Challenger 2014/First Round Matches/Vanni v Statham,223,223,223,223,223,223,223,223,223,223,223,223,223,223,223
Group A/Shanghai Challenger 2014/First Round Matches/We Zheng v Fabbiano,62,62,62,62,62,62,62,62,62,62,62,62,62,62,62
Group A/Shanghai Challenger 2014/First Round Matches/Y Bai v S Zhong,110,110,110,110,110,110,110,110,110,110,110,110,110,110,110
Group A/Shanghai Challenger 2014/First Round Matches/Yo Nishioka v Chu Wang,153,153,153,153,153,153,153,153,153,153,153,153,153,153,153
Group A/Shanghai Challenger 2014/First Round Matches/Yui Ito v Devvarman,275,275,275,275,275,275,275,275,275,275,275,275,275,275,275
Group A/Shanghai Challenger 2014/Quarter Final Matches/D Wu v Devvarman,160,160,160,160,160,160,160,160,160,160,160,160,160,160,160
Group A/Shanghai Challenger 2014/Quarter Final Matches/Soeda v Fabbiano,320,320,320,320,320,320,320,320,320,320,320,320,320,320,320
Group A/Shanghai Challenger 2014/Quarter Final Matches/Vanni v Y Bhambri,506,506,506,506,506,506,506,506,506,506,506,506,506,506,506
Group A/Shanghai Challenger 2014/Quarter Final Matches/Yo Nishioka v Udomchoke,348,348,348,348,348,348,348,348,348,348,348,348,348,348,348
Group A/Shanghai Challenger 2014/Second Round Matches/D Wu v Y Bai,123,123,123,123,123,123,123,123,123,123,123,123,123,123,123
Group A/Shanghai Challenger 2014/Second Round Matches/Duckworth v Yo Nishioka,508,508,508,508,508,508,508,508,508,508,508,508,508,508,508
Group A/Shanghai Challenger 2014/Second Round Matches/Jor Thompson v Fabbiano,226,226,226,226,226,226,226,226,226,226,226,226,226,226,226
Group A/Shanghai Challenger 2014/Second Round Matches/Niki v Devvarman,236,236,236,236,236,236,236,236,236,236,236,236,236,236,236
Group A/Shanghai Challenger 2014/Second Round Matches/Soeda v Uchiyama,156,156,156,156,156,156,156,156,156,156,156,156,156,156,156
Group A/Shanghai Challenger 2014/Second Round Matches/T Yang v Y Bhambri,160,160,160,160,160,160,160,160,160,160,160,160,160,160,160
Group A/Shanghai Challenger 2014/Second Round Matches/Udomchoke v Millman,468,468,468,468,468,468,468,468,468,468,468,468,468,468,468
Group A/Shanghai Challenger 2014/Second Round Matches/Vanni v San Singh,138,138,138,138,138,138,138,138,138,138,138,138,138,138,138
Group A/Shanghai Challenger 2014/Semi Final Matches/Fabbiano v Yo Nishioka,487,487,487,487,487,487,487,487,487,487,487,487,487,487,487
Group A/Shanghai Challenger 2014/Semi Final Matches/Vanni v Devvarman,436,436,436,436,436,436,436,436,436,436,436,436,436,436,436
Group A/Shanghai Challenger 2014/The Final/Yo Nishioka v Devvarman,409,409,409,409,409,409,409,409,409,409,409,409,409,409,409
Group A/St Remy Challenger 2014/First Round Matches/Botzer v Y Marti,63,63,63,63,63,63,63,63,63,63,63,63,63,63,63
Group A/St Remy Challenger 2014/First Round Matches/Burquier v K De Schepper,351,351,351,351,351,351,351,351,351,351,351,351,351,351,351
Group A/St Remy Challenger 2014/First Round Matches/Crepaldi v Stakhovsky,280,280,280,280,280,280,280,280,280,280,280,280,280,280,280
Group A/St Remy Challenger 2014/First Round Matches/Donskoy v Gerasimov,282,282,282,282,282,282,282,282,282,282,282,282,282,282,282
Group A/St Remy Challenger 2014/First Round Matches/F Martin v Serra,160,160,160,160,160,160,160,160,160,160,160,160,160,160,160
Group A/St Remy Challenger 2014/First Round Matches/Kravchuk v Bemelmans,298,298,298,298,298,298,298,298,298,298,298,298,298,298,298
Group A/St Remy Challenger 2014/First Round Matches/Lammer v Gicquel,84,84,84,84,84,84,84,84,84,84,84,84,84,84,84
Group A/St Remy Challenger 2014/First Round Matches/Mahut v Ri Becker,114,114,114,114,114,114,114,114,114,114,114,114,114,114,114
Group A/St Remy Challenger 2014/First Round Matches/Molchanov v Klec,181,181,181,181,181,181,181,181,181,181,181,181,181,181,181
Group A/St Remy Challenger 2014/First Round Matches/Moriya v Millot,230,230,230,230,230,230,230,230,230,230,230,230,230,230,230
Group A/St Remy Challenger 2014/First Round Matches/Ouanna v Gombos,316,316,316,316,316,316,316,316,316,316,316,316,316,316,316
Group A/St Remy Challenger 2014/First Round Matches/P Mathieu v A Zverev,258,258,258,258,258,258,258,258,258,258,258,258,258,258,258
Group A/St Remy Challenger 2014/First Round Matches/Shcherba v Chazal,76,76,76,76,76,76,76,76,76,76,76,76,76,76,76
Group A/St Remy Challenger 2014/First Round Matches/Vaisse v M Fischer,288,288,288,288,288,288,288,288,288,288,288,288,288,288,288
Group A/St Remy Challenger 2014/First Round Matches/Veger v P Herbert,182,182,182,182,182,182,182,182,182,182,182,182,182,182,182
Group A/St Remy Challenger 2014/Quarter Final Matches/A Zverev v P Herbert,498,498,498,498,498,498,498,498,498,498,498,498,498,498,498
Group A/St Remy Challenger 2014/Quarter Final Matches/Chazal v Stakhovsky,116,116,116,116,116,116,116,116,116,116,116,116,116,116,116
Group A/St Remy Challenger 2014/Quarter Final Matches/Mahut v Gombos,374,374,374,374,374,374,374,374,374,374,374,374,374,374,374
Group A/St Remy Challenger 2014/Quarter Final Matches/Millot v Molchanov,242,242,242,242,242,242,242,242,242,242,242,242,242,242,242
Group A/St Remy Challenger 2014/Second Round Matches/A Zverev v Guez,162,162,162,162,162,162,162,162,162,162,162,162,162,162,162
Group A/St Remy Challenger 2014/Second Round Matches/F Martin v Gombos,175,175,175,175,175,175,175,175,175,175,175,175,175,175,175
Group A/St Remy Challenger 2014/Second Round Matches/Gerasimov v Chazal,330,330,330,330,330,330,330,330,330,330,330,330,330,330,330
Group A/St Remy Challenger 2014/Second Round Matches/Gicquel v Stakhovsky,299,299,299,299,299,299,299,299,299,299,299,299,299,299,299
Group A/St Remy Challenger 2014/Second Round Matches/Mahut v Vaisse,115,115,115,115,115,115,115,115,115,115,115,115,115,115,115
Group A/St Remy Challenger 2014/Second Round Matches/Millot v Bemelmans,154,154,154,154,154,154,154,154,154,154,154,154,154,154,154
Group A/St Remy Challenger 2014/Second Round Matches/Molchanov v K De Schepper,231,231,231,231,231,231,231,231,231,231,231,231,231,231,231
Group A/St Remy Challenger 2014/Second Round Matches/Y Marti v P Herbert,67,67,67,67,67,67,67,67,67,67,67,67,67,67,67
Group A/St Remy Challenger 2014/Semi Final Matches/Millot v Stakhovsky,469,469,469,469,469,469,469,469,469,469,469,469,469,469,469
Group A/St Remy Challenger 2014/Semi Final Matches/P Herbert v Mahut,214,214,214,214,214,214,214,214,214,214,214,214,214,214,214
Group A/St Remy Challenger 2014/The Final/Mahut v Millot,583,583,583,583,583,583,583,583,583,583,583,583,583,583,583
Group A/Suzhou Ladies Open 2014/First Round Matches/Abduraimova v S Zheng,203,203,203,203,203,203,203,203,203,203,203,203,203,203,203
Group A/Suzhou Ladies Open 2014/First Round Matches/Ai Zhu v Mayr-Achleitner,57,57,57,57,57,57,57,57,57,57,57,57,57,57,57
Group A/Suzhou Ladies Open 2014/First Round Matches/Buyukakcay v L Kichenok,440,440,440,440,440,440,440,440,440,440,440,440,440,440,440
Group A/Suzhou Ladies Open 2014/First Round Matches/C Chan v Kumkhum,126,126,126,126,126,126,126,126,126,126,126,126,126,126,126
Group A/Suzhou Ladies Open 2014/First Round Matches/Cepelova v Webley-Smith,111,111,111,111,111,111,111,111,111,111,111,111,111,111,111
Group A/Suzhou Ladies Open 2014/First Round Matches/Czink v Martic,201,201,201,201,201,201,201,201,201,201,201,201,201,201,201
Group A/Suzhou Ladies Open 2014/First Round Matches/Eguchi v Ar Rodionova,389,389,389,389,389,389,389,389,389,389,389,389,389,389,389
Group A/Suzhou Ladies Open 2014/First Round Matches/Friedsam v Xin,66,66,66,66,66,66,66,66,66,66,66,66,66,66,66
Group A/Suzhou Ladies Open 2014/First Round Matches/Hozumi v N Kichenok,183,183,183,183,183,183,183,183,183,183,183,183,183,183,183
Group A/Suzhou Ladies Open 2014/First Round Matches/L Zhang v Shapatava,237,237,237,237,237,237,237,237,237,237,237,237,237,237,237
Group A/Suzhou Ladies Open 2014/First Round Matches/L Zhu v Kozlova,118,118,118,118,118,118,118,118,118,118,118,118,118,118,118
Group A/Suzhou Ladies Open 2014/First Round Matches/Pervak v Y Duan,208,208,208,208,208,208,208,208,208,208,208,208,208,208,208
Group A/Suzhou Ladies Open 2014/First Round Matches/Sh Hsieh v R Ozaki,25,25,25,25,25,25,25,25,25,25,25,25,25,25,25
Group A/Suzhou Ladies Open 2014/First Round Matches/Yaf Wang v F Liu,98,98,98,98,98,98,98,98,98,98,98,98,98,98,98
Group A/Suzhou Ladies Open 2014/First Round Matches/Yi Yuan v Linette,50,50,50,50,50,50,50,50,50,50,50,50,50,50,50
Group A/Suzhou Ladies Open 2014/First Round Matches/Zh Yang v Yix Li,87,87,87,87,87,87,87,87,87,87,87,87,87,87,87
Group A/Suzhou Ladies Open 2014/Quarter Final Matches/Cepelova v S Zheng,218,218,218,218,218,218,218,218,218,218,218,218,218,218,218
Group A/Suzhou Ladies Open 2014/Quarter Final Matches/Eguchi v R Ozaki,221,221,221,221,221,221,221,221,221,221,221,221,221,221,221
Group A/Suzhou Ladies Open 2014/Quarter Final Matches/Friedsam v Kozlova,151,151,151,151,151,151,151,151,151,151,151,151,151,151,151
Group A/Suzhou Ladies Open 2014/Quarter Final Matches/Y Duan v Mayr-Achleitner,227,227,227,227,227,227,227,227,227,227,227,227,227,227,227
Group A/Suzhou Ladies Open 2014/Second Round Matches/Cepelova v Hozumi,43,43,43,43,43,43,43,43,43,43,43,43,43,43,43
Group A/Suzhou Ladies Open 2014/Second Round Matches/Friedsam v Martic,152,152,152,152,152,152,152,152,152,152,152,152,152,152,152
Group A/Suzhou Ladies Open 2014/Second Round Matches/L Kichenok v Eguchi,58,58,58,58,58,58,58,58,58,58,58,58,58,58,58
Group A/Suzhou Ladies Open 2014/Second Round Matches/L Zhang v Kozlova,235,235,235,235,235,235,235,235,235,235,235,235,235,235,235
Group A/Suzhou Ladies Open 2014/Second Round Matches/Linette v Mayr-Achleitner,237,237,237,237,237,237,237,237,237,237,237,237,237,237,237
Group A/Suzhou Ladies Open 2014/Second Round Matches/R Ozaki v C Chan,79,79,79,79,79,79,79,79,79,79,79,79,79,79,79
Group A/Suzhou Ladies Open 2014/Second Round Matches/Y Duan v F Liu,282,282,282,282,282,282,282,282,282,282,282,282,282,282,282
Group A/Suzhou Ladies Open 2014/Second Round Matches/Zh Yang v S Zheng,14,14,14,14,14,14,14,14,14,14,14,14,14,14,14
Group A/Suzhou Ladies Open 2014/Semi Final Matches/Cepelova v Friedsam,323,323,323,323,323,323,323,323,323,323,323,323,323,323,323
Group A/Suzhou Ladies Open 2014/Semi Final Matches/Eguchi v Y Duan,339,339,339,339,339,339,339,339,339,339,339,339,339,339,339
Group A/Suzhou Ladies Open 2014/The Final/Friedsam v Y Duan,164,164,164,164,164,164,164,164,164,164,164,164,164,164,164
Group A/Tashkent Open 2014/Qualifying Matches/Folts v L Kichenok,71,71,71,71,71,71,71,71,71,71,71,71,71,71,71
Group A/Tashkent Open 2014/Qualifying Matches/Kalashnikova v L Kichenok,290,290,290,290,290,290,290,290,290,290,290,290,290,290,290
Group A/Tashkent Open 2014/Qualifying Matches/M Gasparyan v R Ozaki,246,246,246,246,246,246,246,246,246,246,246,246,246,246,246
Group A/Tashkent Open 2014/Qualifying Matches/Putintseva v Kalashnikova,365,365,365,365,365,365,365,365,365,365,365,365,365,365,365
Group A/Tashkent Open 2014/Qualifying Matches/Raina v R Ozaki,126,126,126,126,126,126,126,126,126,126,126,126,126,126,126
Group A/Tashkent Open 2014/Qualifying Matches/S Sharipova v N Kichenok,147,147,147,147,147,147,147,147,147,147,147,147,147,147,147
Group A/Tashkent Open 2014/Qualifying Matches/Sirotkina v M Gasparyan,314,314,314,314,314,314,314,314,314,314,314,314,314,314,314
Group A/Tashkent Open 2014/Qualifying Matches/Tsurenko v Kuwata,123,123,123,123,123,123,123,123,123,123,123,123,123,123,123
Group A/Tashkent Open 2014/Qualifying Matches/Tsurenko v Lykina,80,80,80,80,80,80,80,80,80,80,80,80,80,80,80
Group A/Tashkent Open 2014/Qualifying Matches/Vangelova v Kuwata,59,59,59,59,59,59,59,59,59,59,59,59,59,59,59
Group A/Tashkent Open 2014/Qualifying Matches/Zanevska v Ekshibarova,118,118,118,118,118,118,118,118,118,118,118,118,118,118,118
Group A/Tashkent Open 2014/Qualifying Matches/Zanevska v N Kichenok,302,302,302,302,302,302,302,302,302,302,302,302,302,302,302
Group A/Tennis Specials 2014/A Murray Specials 2014,28,28,28,28,28,28,28,28,28,28,28,28,28,28,28
Group A/Tennis Specials 2014/Federer Specials 2014,12,12,12,12,12,12,12,12,12,12,12,12,12,12,12
Group A/Tennis Specials 2014/S Williams Specials 2014,1,1,1,1,1,1,1,1,1,1,1,1,1,1,1
Group A/Tennis Specials 2014/Wawrinka Specials 2014,1,1,1,1,1,1,1,1,1,1,1,1,1,1,1
Group A/US Open 2014,433,433,433,433,433,433,433,433,433,433,433,433,433,433,433
Group A/US Open 2014/Mens Tournament,1625,1625,1625,1625,1625,1625,1625,1625,1625,1625,1625,1625,1625,1625,1625
Group A/US Open 2014/Mens Tournament/Doubles Matches/Berlocq/Mayer v Dodig/Melo,293,293,293,293,293,293,293,293,293,293,293,293,293,293,293
Group A/US Open 2014/Mens Tournament/Doubles Matches/Bryan/Bryan v Granollers/Lopez,333,333,333,333,333,333,333,333,333,333,333,333,333,333,333
Group A/US Open 2014/Mens Tournament/Doubles Matches/Bryan/Bryan v Klahn/Smyczek,94,94,94,94,94,94,94,94,94,94,94,94,94,94,94
Group A/US Open 2014/Mens Tournament/Doubles Matches/Bryan/Bryan v Lipsky/Ram,323,323,323,323,323,323,323,323,323,323,323,323,323,323,323
Group A/US Open 2014/Mens Tournament/Doubles Matches/Bryan/Bryan v Marrero/Verdasco,326,326,326,326,326,326,326,326,326,326,326,326,326,326,326
Group A/US Open 2014/Mens Tournament/Doubles Matches/Dodig/Melo v Granollers/Lopez,252,252,252,252,252,252,252,252,252,252,252,252,252,252,252
Group A/US Open 2014/Mens Tournament/Doubles Matches/Granollers/Lopez v Peya/Soares,296,296,296,296,296,296,296,296,296,296,296,296,296,296,296
Group A/US Open 2014/Mens Tournament/Doubles Matches/Kukushkin/Venus v Peya/Soares,76,76,76,76,76,76,76,76,76,76,76,76,76,76,76
Group A/US Open 2014/Mens Tournament/Doubles Matches/Lipsky/Ram v Butorac/Klaasen,262,262,262,262,262,262,262,262,262,262,262,262,262,262,262
Group A/US Open 2014/Mens Tournament/Doubles Matches/Paes/Stepanek v Granollers/Lopez,209,209,209,209,209,209,209,209,209,209,209,209,209,209,209
Group A/US Open 2014/Mens Tournament/Doubles Matches/Pospisil/Sock v Berlocq/Mayer,307,307,307,307,307,307,307,307,307,307,307,307,307,307,307
Group A/US Open 2014/Mens Tournament/Doubles Matches/Rojer/Tecau v Marrero/Verdasco,162,162,162,162,162,162,162,162,162,162,162,162,162,162,162
Group A/US Open 2014/Mens Tournament/Fourth Round Matches/Bautista Agut v Federer,663,663,663,663,663,663,663,663,663,663,663,663,663,663,663
Group A/US Open 2014/Mens Tournament/Fourth Round Matches/Bautista Agut v Federer/Game Betting/Set 01,151,151,151,151,151,151,151,151,151,151,151,151,151,151,151
Group A/US Open 2014/Mens Tournament/Fourth Round Matches/Bautista Agut v Federer/Game Betting/Set 02,161,161,161,161,161,161,161,161,161,161,161,161,161,161,161
Group A/US Open 2014/Mens Tournament/Fourth Round Matches/Bautista Agut v Federer/Game Betting/Set 03,176,176,176,176,176,176,176,176,176,176,176,176,176,176,176
Group A/US Open 2014/Mens Tournament/Fourth Round Matches/Berdych v Thiem,654,654,654,654,654,654,654,654,654,654,654,654,654,654,654
Group A/US Open 2014/Mens Tournament/Fourth Round Matches/Berdych v Thiem/Game Betting/Set 01,8,8,8,8,8,8,8,8,8,8,8,8,8,8,8
Group A/US Open 2014/Mens Tournament/Fourth Round Matches/Berdych v Thiem/Game Betting/Set 02,12,12,12,12,12,12,12,12,12,12,12,12,12,12,12
Group A/US Open 2014/Mens Tournament/Fourth Round Matches/Berdych v Thiem/Game Betting/Set 03,6,6,6,6,6,6,6,6,6,6,6,6,6,6,6
Group A/US Open 2014/Mens Tournament/Fourth Round Matches/G Dimitrov v Monfils,1458,1458,1458,1458,1458,1458,1458,1458,1458,1458,1458,1458,1458,1458,1458
Group A/US Open 2014/Mens Tournament/Fourth Round Matches/G Dimitrov v Monfils/Game Betting/Set 01,36,36,36,36,36,36,36,36,36,36,36,36,36,36,36
Group A/US Open 2014/Mens Tournament/Fourth Round Matches/G Dimitrov v Monfils/Game Betting/Set 02,149,149,149,149,149,149,149,149,149,149,149,149,149,149,149
Group A/US Open 2014/Mens Tournament/Fourth Round Matches/G Dimitrov v Monfils/Game Betting/Set 03,97,97,97,97,97,97,97,97,97,97,97,97,97,97,97
Group A/US Open 2014/Mens Tournament/Fourth Round Matches/Ma Cilic v G Simon,1312,1312,1312,1312,1312,1312,1312,1312,1312,1312,1312,1312,1312,1312,1312
Group A/US Open 2014/Mens Tournament/Fourth Round Matches/Ma Cilic v G Simon/Game Betting/Set 01,10,10,10,10,10,10,10,10,10,10,10,10,10,10,10
Group A/US Open 2014/Mens Tournament/Fourth Round Matches/Ma Cilic v G Simon/Game Betting/Set 02,20,20,20,20,20,20,20,20,20,20,20,20,20,20,20
Group A/US Open 2014/Mens Tournament/Fourth Round Matches/Ma Cilic v G Simon/Game Betting/Set 03,112,112,112,112,112,112,112,112,112,112,112,112,112,112,112
Group A/US Open 2014/Mens Tournament/Fourth Round Matches/Ma Cilic v G Simon/Game Betting/Set 04,149,149,149,149,149,149,149,149,149,149,149,149,149,149,149
Group A/US Open 2014/Mens Tournament/Fourth Round Matches/Ma Cilic v G Simon/Game Betting/Set 05,160,160,160,160,160,160,160,160,160,160,160,160,160,160,160
Group A/US Open 2014/Mens Tournament/Fourth Round Matches/N Djokovic v Kohlschreiber,761,761,761,761,761,761,761,761,761,761,761,761,761,761,761
Group A/US Open 2014/Mens Tournament/Fourth Round Matches/N Djokovic v Kohlschreiber/Game Betting/Set 01,14,14,14,14,14,14,14,14,14,14,14,14,14,14,14
Group A/US Open 2014/Mens Tournament/Fourth Round Matches/N Djokovic v Kohlschreiber/Game Betting/Set 02,57,57,57,57,57,57,57,57,57,57,57,57,57,57,57
Group A/US Open 2014/Mens Tournament/Fourth Round Matches/N Djokovic v Kohlschreiber/Game Betting/Set 03,69,69,69,69,69,69,69,69,69,69,69,69,69,69,69
Group A/US Open 2014/Mens Tournament/Fourth Round Matches/Nishikori v Raonic,1352,1352,1352,1352,1352,1352,1352,1352,1352,1352,1352,1352,1352,1352,1352
Group A/US Open 2014/Mens Tournament/Fourth Round Matches/Nishikori v Raonic/Game Betting/Set 01,26,26,26,26,26,26,26,26,26,26,26,26,26,26,26
Group A/US Open 2014/Mens Tournament/Fourth Round Matches/Nishikori v Raonic/Game Betting/Set 02,12,12,12,12,12,12,12,12,12,12,12,12,12,12,12
Group A/US Open 2014/Mens Tournament/Fourth Round Matches/Nishikori v Raonic/Game Betting/Set 03,35,35,35,35,35,35,35,35,35,35,35,35,35,35,35
Group A/US Open 2014/Mens Tournament/Fourth Round Matches/Nishikori v Raonic/Game Betting/Set 04,33,33,33,33,33,33,33,33,33,33,33,33,33,33,33
Group A/US Open 2014/Mens Tournament/Fourth Round Matches/Nishikori v Raonic/Game Betting/Set 05,23,23,23,23,23,23,23,23,23,23,23,23,23,23,23
Group A/US Open 2014/Mens Tournament/Fourth Round Matches/S Wawrinka v Robredo,1654,1654,1654,1654,1654,1654,1654,1654,1654,1654,1654,1654,1654,1654,1654
Group A/US Open 2014/Mens Tournament/Fourth Round Matches/S Wawrinka v Robredo/Game Betting/Set 01,93,93,93,93,93,93,93,93,93,93,93,93,93,93,93
Group A/US Open 2014/Mens Tournament/Fourth Round Matches/S Wawrinka v Robredo/Game Betting/Set 02,109,109,109,109,109,109,109,109,109,109,109,109,109,109,109
Group A/US Open 2014/Mens Tournament/Fourth Round Matches/S Wawrinka v Robredo/Game Betting/Set 03,46,46,46,46,46,46,46,46,46,46,46,46,46,46,46
Group A/US Open 2014/Mens Tournament/Fourth Round Matches/S Wawrinka v Robredo/Game Betting/Set 04,24,24,24,24,24,24,24,24,24,24,24,24,24,24,24
Group A/US Open 2014/Mens Tournament/Fourth Round Matches/Tsonga v A Murray,1521,1521,1521,1521,1521,1521,1521,1521,1521,1521,1521,1521,1521,1521,1521
Group A/US Open 2014/Mens Tournament/Fourth Round Matches/Tsonga v A Murray/Game Betting/Set 01,43,43,43,43,43,43,43,43,43,43,43,43,43,43,43
Group A/US Open 2014/Mens Tournament/Fourth Round Matches/Tsonga v A Murray/Game Betting/Set 02,97,97,97,97,97,97,97,97,97,97,97,97,97,97,97
Group A/US Open 2014/Mens Tournament/Fourth Round Matches/Tsonga v A Murray/Game Betting/Set 03,37,37,37,37,37,37,37,37,37,37,37,37,37,37,37
Group A/US Open 2014/Mens Tournament/Player Specials,41,41,41,41,41,41,41,41,41,41,41,41,41,41,41
Group A/US Open 2014/Mens Tournament/Quarter Final Matches/Berdych v Ma Cilic,1486,1486,1486,1486,1486,1486,1486,1486,1486,1486,1486,1486,1486,1486,1486
Group A/US Open 2014/Mens Tournament/Quarter Final Matches/Berdych v Ma Cilic/Game Betting/Set 01,72,72,72,72,72,72,72,72,72,72,72,72,72,72,72
Group A/US Open 2014/Mens Tournament/Quarter Final Matches/Berdych v Ma Cilic/Game Betting/Set 02,123,123,123,123,123,123,123,123,123,123,123,123,123,123,123
Group A/US Open 2014/Mens Tournament/Quarter Final Matches/Berdych v Ma Cilic/Game Betting/Set 03,144,144,144,144,144,144,144,144,144,144,144,144,144,144,144
Group A/US Open 2014/Mens Tournament/Quarter Final Matches/Monfils v Federer,2016,2016,2016,2016,2016,2016,2016,2016,2016,2016,2016,2016,2016,2016,2016
Group A/US Open 2014/Mens Tournament/Quarter Final Matches/Monfils v Federer/Game Betting/Set 01,184,184,184,184,184,184,184,184,184,184,184,184,184,184,184
Group A/US Open 2014/Mens Tournament/Quarter Final Matches/Monfils v Federer/Game Betting/Set 02,165,165,165,165,165,165,165,165,165,165,165,165,165,165,165
Group A/US Open 2014/Mens Tournament/Quarter Final Matches/Monfils v Federer/Game Betting/Set 03,150,150,150,150,150,150,150,150,150,150,150,150,150,150,150
Group A/US Open 2014/Mens Tournament/Quarter Final Matches/Monfils v Federer/Game Betting/Set 04,216,216,216,216,216,216,216,216,216,216,216,216,216,216,216
Group A/US Open 2014/Mens Tournament/Quarter Final Matches/Monfils v Federer/Game Betting/Set 05,120,120,120,120,120,120,120,120,120,120,120,120,120,120,120
Group A/US Open 2014/Mens Tournament/Quarter Final Matches/N Djokovic v A Murray,1737,1737,1737,1737,1737,1737,1737,1737,1737,1737,1737,1737,1737,1737,1737
Group A/US Open 2014/Mens Tournament/Quarter Final Matches/N Djokovic v A Murray/Game Betting/Set 01,233,233,233,233,233,233,233,233,233,233,233,233,233,233,233
Group A/US Open 2014/Mens Tournament/Quarter Final Matches/N Djokovic v A Murray/Game Betting/Set 02,147,147,147,147,147,147,147,147,147,147,147,147,147,147,147
Group A/US Open 2014/Mens Tournament/Quarter Final Matches/N Djokovic v A Murray/Game Betting/Set 03,89,89,89,89,89,89,89,89,89,89,89,89,89,89,89
Group A/US Open 2014/Mens Tournament/Quarter Final Matches/N Djokovic v A Murray/Game Betting/Set 04,134,134,134,134,134,134,134,134,134,134,134,134,134,134,134
Group A/US Open 2014/Mens Tournament/Quarter Final Matches/S Wawrinka v Nishikori,1842,1842,1842,1842,1842,1842,1842,1842,1842,1842,1842,1842,1842,1842,1842
Group A/US Open 2014/Mens Tournament/Quarter Final Matches/S Wawrinka v Nishikori/Game Betting/Set 01,76,76,76,76,76,76,76,76,76,76,76,76,76,76,76
Group A/US Open 2014/Mens Tournament/Quarter Final Matches/S Wawrinka v Nishikori/Game Betting/Set 02,176,176,176,176,176,176,176,176,176,176,176,176,176,176,176
Group A/US Open 2014/Mens Tournament/Quarter Final Matches/S Wawrinka v Nishikori/Game Betting/Set 03,229,229,229,229,229,229,229,229,229,229,229,229,229,229,229
Group A/US Open 2014/Mens Tournament/Quarter Final Matches/S Wawrinka v Nishikori/Game Betting/Set 04,242,242,242,242,242,242,242,242,242,242,242,242,242,242,242
Group A/US Open 2014/Mens Tournament/Quarter Final Matches/S Wawrinka v Nishikori/Game Betting/Set 05,221,221,221,221,221,221,221,221,221,221,221,221,221,221,221
Group A/US Open 2014/Mens Tournament/Semi Final Matches/Ma Cilic v Federer,2149,2149,2149,2149,2149,2149,2149,2149,2149,2149,2149,2149,2149,2149,2149
Group A/US Open 2014/Mens Tournament/Semi Final Matches/Ma Cilic v Federer/Game Betting/Set 01,150,150,150,150,150,150,150,150,150,150,150,150,150,150,150
Group A/US Open 2014/Mens Tournament/Semi Final Matches/Ma Cilic v Federer/Game Betting/Set 02,244,244,244,244,244,244,244,244,244,244,244,244,244,244,244
Group A/US Open 2014/Mens Tournament/Semi Final Matches/Ma Cilic v Federer/Game Betting/Set 03,325,325,325,325,325,325,325,325,325,325,325,325,325,325,325
Group A/US Open 2014/Mens Tournament/Semi Final Matches/N Djokovic v Nishikori,2632,2632,2632,2632,2632,2632,2632,2632,2632,2632,2632,2632,2632,2632,2632
Group A/US Open 2014/Mens Tournament/Semi Final Matches/N Djokovic v Nishikori/Game Betting/Set 01,201,201,201,201,201,201,201,201,201,201,201,201,201,201,201
Group A/US Open 2014/Mens Tournament/Semi Final Matches/N Djokovic v Nishikori/Game Betting/Set 02,198,198,198,198,198,198,198,198,198,198,198,198,198,198,198
Group A/US Open 2014/Mens Tournament/Semi Final Matches/N Djokovic v Nishikori/Game Betting/Set 03,386,386,386,386,386,386,386,386,386,386,386,386,386,386,386
Group A/US Open 2014/Mens Tournament/Semi Final Matches/N Djokovic v Nishikori/Game Betting/Set 04,195,195,195,195,195,195,195,195,195,195,195,195,195,195,195
Group A/US Open 2014/Mens Tournament/Third Round Matches/A Mannarino v Bautista Agut,446,446,446,446,446,446,446,446,446,446,446,446,446,446,446
Group A/US Open 2014/Mens Tournament/Third Round Matches/Berdych v Gabashvili,345,345,345,345,345,345,345,345,345,345,345,345,345,345,345
Group A/US Open 2014/Mens Tournament/Third Round Matches/F Lopez v Thiem,599,599,599,599,599,599,599,599,599,599,599,599,599,599,599
Group A/US Open 2014/Mens Tournament/Third Round Matches/G Dimitrov v Goffin,688,688,688,688,688,688,688,688,688,688,688,688,688,688,688
Group A/US Open 2014/Mens Tournament/Third Round Matches/Kohlschreiber v Isner,125,125,125,125,125,125,125,125,125,125,125,125,125,125,125
Group A/US Open 2014/Mens Tournament/Third Round Matches/M Granollers v Federer,507,507,507,507,507,507,507,507,507,507,507,507,507,507,507
Group A/US Open 2014/Mens Tournament/Third Round Matches/M Granollers v Federer/Game Betting/Set 04,26,26,26,26,26,26,26,26,26,26,26,26,26,26,26
Group A/US Open 2014/Mens Tournament/Third Round Matches/Monfils v Gasquet,507,507,507,507,507,507,507,507,507,507,507,507,507,507,507
Group A/US Open 2014/Mixed Doubles/Barty/Peers v Townsend/Young,178,178,178,178,178,178,178,178,178,178,178,178,178,178,178
Group A/US Open 2014/Mixed Doubles/Chan/Hutchins v Peschke/Matkowski,121,121,121,121,121,121,121,121,121,121,121,121,121,121,121
Group A/US Open 2014/Mixed Doubles/Mirza/Soares v Chan/Hutchins,283,283,283,283,283,283,283,283,283,283,283,283,283,283,283
Group A/US Open 2014/Mixed Doubles/Mirza/Soares v Spears/Gonzalez,287,287,287,287,287,287,287,287,287,287,287,287,287,287,287
Group A/US Open 2014/Mixed Doubles/Mirza/Soares v Srebotnik/Bopanna,91,91,91,91,91,91,91,91,91,91,91,91,91,91,91
Group A/US Open 2014/Mixed Doubles/Spears/Gonzalez v Black/Paes,134,134,134,134,134,134,134,134,134,134,134,134,134,134,134
Group A/US Open 2014/Mixed Doubles/Spears/Gonzalez v Townsend/Young,106,106,106,106,106,106,106,106,106,106,106,106,106,106,106
Group A/US Open 2014/Womens Tournament,1303,1303,1303,1303,1303,1303,1303,1303,1303,1303,1303,1303,1303,1303,1303
Group A/US Open 2014/Womens Tournament/Doubles Matches/Black/Mirza v Diyas/Xu,108,108,108,108,108,108,108,108,108,108,108,108,108,108,108
Group A/US Open 2014/Womens Tournament/Doubles Matches/Black/Mirza v Jankovic/Koukalova,136,136,136,136,136,136,136,136,136,136,136,136,136,136,136
Group A/US Open 2014/Womens Tournament/Doubles Matches/Date-Krumm/Zahlavova Strycova v Hsieh/Peng,197,197,197,197,197,197,197,197,197,197,197,197,197,197,197
Group A/US Open 2014/Womens Tournament/Doubles Matches/Gajdosova/Tomljanovic v Hingis/Pennetta,106,106,106,106,106,106,106,106,106,106,106,106,106,106,106
Group A/US Open 2014/Womens Tournament/Doubles Matches/Hingis/Pennetta v Black/Mirza,220,220,220,220,220,220,220,220,220,220,220,220,220,220,220
Group A/US Open 2014/Womens Tournament/Doubles Matches/Hingis/Pennetta v Makarova/Vesnina,726,726,726,726,726,726,726,726,726,726,726,726,726,726,726
Group A/US Open 2014/Womens Tournament/Doubles Matches/Hingis/Pennetta v Peschke/Srebotnik,179,179,179,179,179,179,179,179,179,179,179,179,179,179,179
Group A/US Open 2014/Womens Tournament/Doubles Matches/Hlavackova/Zheng v Dabrowski/Rosolska,183,183,183,183,183,183,183,183,183,183,183,183,183,183,183
Group A/US Open 2014/Womens Tournament/Doubles Matches/Hlavackova/Zheng v Date-Krumm/Zahlavova Stry,303,303,303,303,303,303,303,303,303,303,303,303,303,303,303
Group A/US Open 2014/Womens Tournament/Doubles Matches/Kudryavtseva/Rodionova v Peschke/Srebotnik,321,321,321,321,321,321,321,321,321,321,321,321,321,321,321
Group A/US Open 2014/Womens Tournament/Doubles Matches/Makarova/Vesnina v Date-Krumm/Zahlavova Stry,456,456,456,456,456,456,456,456,456,456,456,456,456,456,456
Group A/US Open 2014/Womens Tournament/Doubles Matches/Williams/Williams v Makarova/Vesnina,583,583,583,583,583,583,583,583,583,583,583,583,583,583,583
Group A/US Open 2014/Womens Tournament/Fourth Round Matches/Bencic v J Jankovic,682,682,682,682,682,682,682,682,682,682,682,682,682,682,682
Group A/US Open 2014/Womens Tournament/Fourth Round Matches/E Makarova v Bouchard,970,970,970,970,970,970,970,970,970,970,970,970,970,970,970
Group A/US Open 2014/Womens Tournament/Fourth Round Matches/E Makarova v Bouchard/Game Betting/Set 01,11,11,11,11,11,11,11,11,11,11,11,11,11,11,11
Group A/US Open 2014/Womens Tournament/Fourth Round Matches/E Makarova v Bouchard/Game Betting/Set 02,24,24,24,24,24,24,24,24,24,24,24,24,24,24,24
Group A/US Open 2014/Womens Tournament/Fourth Round Matches/Krunic v Azarenka,981,981,981,981,981,981,981,981,981,981,981,981,981,981,981
Group A/US Open 2014/Womens Tournament/Fourth Round Matches/Krunic v Azarenka/Game Betting/Set 01,6,6,6,6,6,6,6,6,6,6,6,6,6,6,6
Group A/US Open 2014/Womens Tournament/Fourth Round Matches/Krunic v Azarenka/Game Betting/Set 02,28,28,28,28,28,28,28,28,28,28,28,28,28,28,28
Group A/US Open 2014/Womens Tournament/Fourth Round Matches/Krunic v Azarenka/Game Betting/Set 03,38,38,38,38,38,38,38,38,38,38,38,38,38,38,38
Group A/US Open 2014/Womens Tournament/Fourth Round Matches/L Safarova v S Peng,544,544,544,544,544,544,544,544,544,544,544,544,544,544,544
Group A/US Open 2014/Womens Tournament/Fourth Round Matches/Pennetta v Dellacqua,926,926,926,926,926,926,926,926,926,926,926,926,926,926,926
Group A/US Open 2014/Womens Tournament/Fourth Round Matches/Pennetta v Dellacqua/Game Betting/Set 01,58,58,58,58,58,58,58,58,58,58,58,58,58,58,58
Group A/US Open 2014/Womens Tournament/Fourth Round Matches/Pennetta v Dellacqua/Game Betting/Set 02,29,29,29,29,29,29,29,29,29,29,29,29,29,29,29
Group A/US Open 2014/Womens Tournament/Fourth Round Matches/Ser Williams v Kanepi,447,447,447,447,447,447,447,447,447,447,447,447,447,447,447
Group A/US Open 2014/Womens Tournament/Fourth Round Matches/Ser Williams v Kanepi/Game Betting/Set 01,26,26,26,26,26,26,26,26,26,26,26,26,26,26,26
Group A/US Open 2014/Womens Tournament/Fourth Round Matches/Ser Williams v Kanepi/Game Betting/Set 02,27,27,27,27,27,27,27,27,27,27,27,27,27,27,27
Group A/US Open 2014/Womens Tournament/Player Specials,11,11,11,11,11,11,11,11,11,11,11,11,11,11,11
Group A/US Open 2014/Womens Tournament/Quarter Final Matches/Azarenka v E Makarova,1276,1276,1276,1276,1276,1276,1276,1276,1276,1276,1276,1276,1276,1276,1276
Group A/US Open 2014/Womens Tournament/Quarter Final Matches/Azarenka v E Makarova/Game Betting/Set 01,53,53,53,53,53,53,53,53,53,53,53,53,53,53,53
Group A/US Open 2014/Womens Tournament/Quarter Final Matches/Azarenka v E Makarova/Game Betting/Set 02,76,76,76,76,76,76,76,76,76,76,76,76,76,76,76
Group A/US Open 2014/Womens Tournament/Quarter Final Matches/Bencic v S Peng,817,817,817,817,817,817,817,817,817,817,817,817,817,817,817
Group A/US Open 2014/Womens Tournament/Quarter Final Matches/Bencic v S Peng/Game Betting/Set 01,6,6,6,6,6,6,6,6,6,6,6,6,6,6,6
Group A/US Open 2014/Womens Tournament/Quarter Final Matches/Bencic v S Peng/Game Betting/Set 02,8,8,8,8,8,8,8,8,8,8,8,8,8,8,8
Group A/US Open 2014/Womens Tournament/Quarter Final Matches/Ser Williams v Pennetta,963,963,963,963,963,963,963,963,963,963,963,963,963,963,963
Group A/US Open 2014/Womens Tournament/Quarter Final Matches/Ser Williams v Pennetta/Game Betting/Set 01,64,64,64,64,64,64,64,64,64,64,64,64,64,64,64
Group A/US Open 2014/Womens Tournament/Quarter Final Matches/Ser Williams v Pennetta/Game Betting/Set 02,106,106,106,106,106,106,106,106,106,106,106,106,106,106,106
Group A/US Open 2014/Womens Tournament/Quarter Final Matches/Wozniacki v Errani,629,629,629,629,629,629,629,629,629,629,629,629,629,629,629
Group A/US Open 2014/Womens Tournament/Quarter Final Matches/Wozniacki v Errani/Game Betting/Set 01,20,20,20,20,20,20,20,20,20,20,20,20,20,20,20
Group A/US Open 2014/Womens Tournament/Quarter Final Matches/Wozniacki v Errani/Game Betting/Set 02,63,63,63,63,63,63,63,63,63,63,63,63,63,63,63
Group A/US Open 2014/Womens Tournament/Semi Final Matches/S Peng v Wozniacki,781,781,781,781,781,781,781,781,781,781,781,781,781,781,781
Group A/US Open 2014/Womens Tournament/Semi Final Matches/S Peng v Wozniacki/Game Betting/Set 01,224,224,224,224,224,224,224,224,224,224,224,224,224,224,224
Group A/US Open 2014/Womens Tournament/Semi Final Matches/S Peng v Wozniacki/Game Betting/Set 02,162,162,162,162,162,162,162,162,162,162,162,162,162,162,162
Group A/US Open 2014/Womens Tournament/Semi Final Matches/Ser Williams v E Makarova,912,912,912,912,912,912,912,912,912,912,912,912,912,912,912
Group A/US Open 2014/Womens Tournament/Semi Final Matches/Ser Williams v E Makarova/Game Betting/Set 01,123,123,123,123,123,123,123,123,123,123,123,123,123,123,123
Group A/US Open 2014/Womens Tournament/Semi Final Matches/Ser Williams v E Makarova/Game Betting/Set 02,228,228,228,228,228,228,228,228,228,228,228,228,228,228,228
Group A/US Open 2014/Womens Tournament/The Final/Ser Williams v Wozniacki,1384,1384,1384,1384,1384,1384,1384,1384,1384,1384,1384,1384,1384,1384,1384
Group A/US Open 2014/Womens Tournament/The Final/Ser Williams v Wozniacki/Game Betting/Set 01,379,379,379,379,379,379,379,379,379,379,379,379,379,379,379
Group A/US Open 2014/Womens Tournament/The Final/Ser Williams v Wozniacki/Game Betting/Set 02,394,394,394,394,394,394,394,394,394,394,394,394,394,394,394
